{"0":[-40, 25], "1":[-45, 60], "2":[-43, 100], "3":[-47, 140], "4":[-53, -170], "5":[-53, -120], "6":[-57, -80], "7":[-53, -56.5], "8":[-31, -40], "9":[-4, -31], "10":[20, -30], "11":[43, -25], "12":[46.49166, -1.79083]}
